<beans xmlns="http://www.springframework.org/schema/beans"
    xmlns:mvc="http://www.springframework.org/schema/mvc"
    xmlns:wf="http://www.springframework.org/schema/webflow-config"
	xmlns:context="http://www.springframework.org/schema/context"
	xmlns:xsi="http://www.w3.org/2001/XMLSchema-instance"
	xmlns:jdbc="http://www.springframework.org/schema/jdbc"
	xsi:schemaLocation="
		http://www.springframework.org/schema/mvc
        http://www.springframework.org/schema/mvc/spring-mvc-3.0.xsd
        http://www.springframework.org/schema/beans
        http://www.springframework.org/schema/beans/spring-beans-3.0.xsd
        http://www.springframework.org/schema/context
        http://www.springframework.org/schema/context/spring-context-3.0.xsd
        http://www.springframework.org/schema/jdbc
        http://www.springframework.org/schema/jdbc/spring-jdbc.xsd
        http://www.springframework.org/schema/webflow-config
        http://www.springframework.org/schema/webflow-config/spring-webflow-config-2.3.xsd">
 
  <mvc:default-servlet-handler/>
	<context:component-scan base-package="com.niit.gadgets.controller" />
	<context:component-scan base-package="com.niit.gadgets"/>

	<!-- <context:component-scan base-package="gadgetsBackEnd" /> -->
 <mvc:annotation-driven/>
 <bean id="multipartResolver"
		class="org.springframework.web.multipart.commons.CommonsMultipartResolver">

		 <!-- setting maximum upload size -->
		<property name="maxUploadSize" value="300000000" />

	</bean>
	<!-- kljlskjlksjdlk -->
	
	<wf:flow-executor id="flowExecutor"	flow-registry="flowRegistry" />

	<wf:flow-registry id="flowRegistry"	base-path="/WEB-INF/flows">
		<wf:flow-location path="/checkout/checkout-flow.xml" id="checkout"/>
	</wf:flow-registry>
	
	<bean id="flowHandlerMapping" class="org.springframework.webflow.mvc.servlet.FlowHandlerMapping">
		<property name="flowRegistry" ref="flowRegistry" />
	</bean>

	<bean id="flowHandlerAdapter" class="org.springframework.webflow.mvc.servlet.FlowHandlerAdapter">
		<property name="flowExecutor" ref="flowExecutor" />
	</bean>
	
	
	<!-- jhkjksjk -->
	
	<bean
		class="org.springframework.web.servlet.view.InternalResourceViewResolver">
		<property name="prefix">
			<value>/WEB-INF/views/</value>
		</property>
		<property name="suffix">
			<value>.jsp</value>
		</property>
	</bean>
	<mvc:resources mapping="/resources/**" location="/resources/" />
	
</beans>