<beans xmlns="http://www.springframework.org/schema/beans"
	xmlns:mvc="http://www.springframework.org/schema/mvc" xmlns:context="http://www.springframework.org/schema/context"
	xmlns:xsi="http://www.w3.org/2001/XMLSchema-instance"
	xmlns:webflow-config="http://www.springframework.org/schema/webflow-config"
	xsi:schemaLocation="http://www.springframework.org/schema/mvc
    					http://www.springframework.org/schema/mvc/spring-mvc-3.0.xsd
						http://www.springframework.org/schema/beans 
						http://www.springframework.org/schema/beans/spring-beans-3.0.xsd						
						http://www.springframework.org/schema/context 
						http://www.springframework.org/schema/context/spring-context-3.0.xsd
						http://www.springframework.org/schema/webflow-config
						http://www.springframework.org/schema/webflow-config/spring-webflow-config-2.4.xsd">

 	<webflow-config:flow-executor id="flowExecutor" flow-registry="flowRegistry" />

    <webflow-config:flow-registry id="flowRegistry" base-path="/WEB-INF/flows">
        <webflow-config:flow-location path="/checkout/checkout-flow.xml" id="checkout" />
    </webflow-config:flow-registry>

    <bean id="flowHandlerMapping" class="org.springframework.webflow.mvc.servlet.FlowHandlerMapping">
        <property name="flowRegistry" ref="flowRegistry" />
    </bean>

    <bean id="flowHandlerAdapter" class="org.springframework.webflow.mvc.servlet.FlowHandlerAdapter">
        <property name="flowExecutor" ref="flowExecutor" />	
        </bean>	
		
		</beans>