<beans xmlns="http://www.springframework.org/schema/beans"
  xmlns:security="http://www.springframework.org/schema/security"
  xmlns:xsi="http://www.w3.org/2001/XMLSchema-instance"
  xsi:schemaLocation="http://www.springframework.org/schema/beans
        http://www.springframework.org/schema/beans/spring-beans.xsd
        http://www.springframework.org/schema/context
        http://www.springframework.org/schema/context/spring-context.xsd
        http://www.springframework.org/schema/security
        http://www.springframework.org/schema/security/spring-security.xsd">


           <security:http auto-config="true">
           <security:intercept-url pattern="/webapp/resources/*" access="permitAll" />
               <security:intercept-url pattern="/admin/**" access="hasRole('ROLE_ADMIN')" />
               <security:intercept-url pattern="/user/**" access="hasRole('ROLE_USER')" />
               <!-- <security:intercept-url pattern="/checkout/" access="hasRole('ROLE_USER')"/> -->
               
               <security:intercept-url pattern="/login" access="permitAll"/>
                     <security:form-login  
                     login-page="/login"
                     login-processing-url="/j_spring_security_check" 
                     username-parameter="j_username"                 
                     password-parameter="j_password" 
                     authentication-success-forward-url="/userlogged"
                     authentication-failure-forward-url="/noAccessPage"  />                    
                                        
              <security:access-denied-handler
                     error-page="/noAccessPage" />
              <security:csrf disabled="true"/>
 
              <security:logout logout-url="/logout" invalidate-session="true" logout-success-url="/" />
       </security:http>
       <security:authentication-manager> 
              <security:authentication-provider>
                     <security:jdbc-user-service
                           data-source-ref="datasource"
                           users-by-username-query="select U_MAIL, U_PASSWORD, 'TRUE' as enabled from user where U_MAIL=?"
                           authorities-by-username-query="select U_MAIL, ROLE from user where U_MAIL=?" />
              </security:authentication-provider>
       </security:authentication-manager>    
</beans>